14,4,Asignación Códigos de Señalización Internacional Acta Circunstanciada,Asignacion_CPSI_Acta.docx
14,3,Asignación Códigos de Señalización Internacional Cédula de Notificación,Asignacion_CPSI_Cedula.docx
14,1,Asignación Códigos de Señalización Internacional PST Solicitante,Asignacion_CPSI_Solicitante.docx
14,2,Asignación Códigos de Señalización Internacional Resto PST's,Asignacion_CPSI_Resto.docx
11,4,Asignación Códigos de Señalización Nacional Acta Circunstanciada,Asignacion_CPSN_Acta.docx
11,3,Asignación Códigos de Señalización Nacional Cédula de Notificación,Asignacion_CPSN_Cedula.docx
11,1,Asignación Códigos de Señalización Nacional PST Solicitante,Asignacion_CPSN_Solicitante.docx
11,2,Asignación Códigos de Señalización Nacional Resto PSTs,Asignacion_CPSN_Resto.docx
1,4,Asignación Numeración Cta Circunstanciada,Asignacion_NG_Acta.docx
1,3,Asignación Numeración Geográfica Notificación,Asignacion_NG_Cedula.docx
1,1,Asignación Numeración Geográfica PST Solicitante,Asignacion_NG_Solicitante.docx
1,2,Asignación Numeración Geográfica Resto PSTs,Asignacion_NG_Resto.docx
7,4,Asignación Numeración No Geográfica Acta Circunstanciada,Asignacion_NNG_Acta.docx
7,3,Asignación Numeración No Geográfica Cédula Notificación,Asignacion_NNG_Cedula.docx
7,1,Asignación Numeración No Geográfica PST Solicitante,Asignacion_NNG_Solicitante.docx
7,2,Asignación Numeración No Geográfica Resto PSTs,Asignacion_NNG_Resto.docx
2,4,Cesión Derechos Numeración Geográfica Acta Circunstanciada,Cesion_NG_Acta.docx
2,3,Cesión Derechos Numeración Geográfica Cédula Notificación,Cesion_NG_Cedula.docx
2,1,Cesión Derechos Numeración Geográfica PST Solicitante,Cesion_NG_Solicitante.docx
2,2,Cesión Derechos Numeración Geográfica Resto PSTs,Cesion_NG_Resto.docx
8,4,Cesión Derechos Numeración No Geográfica Acta Circunstanciada,Cesion_NNG_Acta.docx
8,3,Cesión Derechos Numeración No Geográfica Cédula Notificación,Cesion_NNG_Cedula.docx
8,1,Cesión Derechos Numeración No Geográfica PST Solicitante,Cesion_NNG_Solicitante.docx
8,2,Cesión Derechos Numeración No Geográfica Resto PSTs,Cesion_NNG_Resto.docx
15,4,Cesión de Códigos de Señalización Internacional Acta Circunstanciada,Cesion_CPSI_Acta.docx
15,3,Cesión de Códigos de Señalización Internacional Cédula de Notificación,Cesion_CPSI_Cedula.docx
15,1,Cesión de Códigos de Señalización Internacional PST Solicitante,Cesion_CPSI_Solicitante.docx
15,2,Cesión de Códigos de Señalización Internacional Resto PSTs,Cesion_CPSI_Resto.docx
12,4,Cesión de Códigos de Señalización Nacional Acta Circunstanciada,Cesion_CPSN_Acta.docx
12,3,Cesión de Códigos de Señalización Nacional Cédula de Notificación,Cesion_CPSN_Cedula.docx
12,1,Cesión de Códigos de Señalización Nacional PST Solicitante,Cesion_CPSN_Solicitante.docx
12,2,Cesión de Códigos de Señalización Nacional Resto PSTs,Cesion_CPSN_Resto.docx
3,4,Liberación Numeración Geográfica Acta Circunstanciada,Liberacion_NG_Acta.docx
3,3,Liberación Numeración Geográfica Cédula Notificación,Liberacion_NG_Cedula.docx
3,1,Liberación Numeración Geográfica PST Solicitante,Liberacion_NG_Solicitante.docx
3,2,Liberación Numeración Geográfica Resto PSTs,Liberacion_NG_Resto.docx
9,4,Liberación Numeración No Geográfica Acta Circunstanciada,Liberacion_NNG_Acta.docx
9,3,Liberación Numeración No Geográfica Cédula Notificación,Liberacion_NNG_Cedula.docx
9,1,Liberación Numeración No Geográfica PST Solicitante,Liberacion_NNG_Solicitante.docx
9,2,Liberación Numeración No Geográfica Resto PSTs,Liberacion_NNG_Resto.docx
16,4,Liberación de Códigos de Señalización Internacional Acta Circunstanciada,Liberacion_CPSI_Acta.docx
16,3,Liberación de Códigos de Señalización Internacional Cédula de Notificación,Liberacion_CPSI_Cedula.docx
16,1,Liberación de Códigos de Señalización Internacional PST Solicitante,Liberacion_CPSI_Solicitante.docx
16,2,Liberación de Códigos de Señalización Internacional Resto PSTs,Liberacion_CPSI_Resto.docx
13,4,Liberación de Códigos de Señalización Nacional Acta Circunstanciada,Liberacion_CPSN_Acta.docx
13,3,Liberación de Códigos de Señalización Nacional Cédula de Notificación,Liberacion_CPSN_Cedula.docx
13,1,Liberación de Códigos de Señalización Nacional PST Solicitante,Liberacion_CPSN_Solicitante.docx
13,2,Liberación de Códigos de Señalización Nacional Resto PSTs,Liberacion_CPSN_Resto.docx
4,4,Redistribución Numeración Geográfica Acta Circunstanciada,Redistribucion_NG_Acta.docx
4,3,Redistribución Numeración Geográfica Cédula Notificación,Redistribucion_NG_Cedula.docx
4,1,Redistribución Numeración Geográfica PST Solicitante,Redistribucion_NG_Solicitante.docx
4,2,Redistribución Numeración Geográfica Resto PSTs,Redistribucion_NG_Resto.docx
10,4,Redistribución Numeración No Geográfica Acta Circunstanciada,Redistribucion_NNG_Acta.docx
10,3,Redistribución Numeración No Geográfica Cédula Notificación,Redistribucion_NNG_Cedula.docx
10,1,Redistribución Numeración No Geográfica PST Solicitante,Redistribucion_NNG_Solicitante.docx
10,2,Redistribución Numeración No Geográfica Resto PSTs,Redistribucion_NNG_Resto.docx
18,1,Solicitud de Códigos CPSI a la UIT,Solicitud_CPSI_UIT.docx